composants1,composants
composants2,composants
composants3,composants
composants4,composants
composants5,composants
composants6,composants
composants7,composants
composants8,composants
composants9,composants
composants10,composants
composants11,composants
composants12,composants
composants13,composants
composants14,composants
composants15,composants
composants16,composants
composants17,composants
composants18,composants
maj3,maj
maj6,maj
maj7,maj
olap1,olap
olap2,olap
olap3,olap
olap4,olap
olap5,olap
olap6,olap
olap7,olap
olap8,olap
olap9,olap
oltp1,oltp
oltp2,oltp
oltp3,oltp
oltp4,oltp
oltp5,oltp
dashboard1,dashboard
dashboard2,dashboard
entretien1,entretien
guide1,guide
scrum1,scrum
scrum2,scrum
bus1,bus
bus2,bus
bus3,bus
clef1,clef
clef2,clef
clef3,clef
clef4,clef
clef5,clef
conforme1,conforme
conforme2,conforme
conforme3,conforme
conforme4,conforme
degeneree1,degeneree
degeneree2,degeneree
degeneree3,degeneree
deportee1,deportee
deportee2,deportee
evolution1,evolution
evolution2,evolution
evolution3,evolution
evolution4,evolution
evolution5,evolution
faits1,faits
faits2,faits
faits3,faits
fourretout1,fourretout
fourretout2,fourretout
grain1,grain
grain2,grain
grain3,grain
grain4,grain
grain5,grain
grain6,grain
grain7,grain
grain8,grain
grain9,grain
hierarchie1,hierarchie
hierarchie2,hierarchie
mesure1,mesure
passerelle1,passerelle
passerelle2,passerelle
redondance1,redondance
redondance2,redondance
sansfait1,sansfait
sansfait2,sansfait
sansfait3,sansfait
schema1,schema
schema2,schema
schema3,schema
temps1,temps
temps2,temps
